Date,Vehicle_Type,Brand,Region,Fuel_Type,Price,Units_Sold,Customer_Rating,Age_Group
2023-01-01 00:00:00.000000000,Truck,Tata,North,Petrol,1771300,229,3.6,36-45
2023-01-02 19:52:23.238731218,Electric,Honda,Central,Diesel,1544327,400,4.8,46-55
2023-01-04 15:44:46.477462437,Hatchback,Mahindra,East,Electric,693783,172,2.9,18-25
2023-01-06 11:37:09.716193656,Electric,Honda,South,Electric,2615904,448,3.5,56+
2023-01-08 07:29:32.954924874,Electric,Tata,South,Petrol,1515416,229,4.3,56+
2023-01-10 03:21:56.193656093,Sedan,Tata,East,Electric,3334717,279,4.7,26-35
2023-01-11 23:14:19.432387312,Hatchback,Honda,South,Hybrid,2433460,129,4.2,26-35
2023-01-13 19:06:42.671118530,Hatchback,Toyota,West,Petrol,1168755,403,3.1,56+
2023-01-15 14:59:05.909849749,Hatchback,Hyundai,North,Diesel,2814181,345,4.2,18-25
2023-01-17 10:51:29.148580968,Electric,Toyota,West,Petrol,1407669,409,3.2,36-45
2023-01-19 06:43:52.387312187,Truck,Toyota,South,Electric,1604849,191,4.3,36-45
2023-01-21 02:36:15.626043405,Hatchback,Maruti,Central,Diesel,3904231,488,4.9,18-25
2023-01-22 22:28:38.864774624,Electric,Toyota,North,Petrol,2164742,115,4.3,36-45
2023-01-24 18:21:02.103505843,Sedan,Mahindra,North,Hybrid,2339903,226,4.7,46-55
2023-01-26 14:13:25.342237061,Truck,Maruti,East,Hybrid,3765696,214,2.5,56+
2023-01-28 10:05:48.580968280,Sedan,Maruti,East,Petrol,877844,79,4.3,56+
2023-01-30 05:58:11.819699499,Truck,Tata,Central,Hybrid,510699,53,4.6,18-25
2023-02-01 01:50:35.058430717,Electric,Toyota,North,Hybrid,3841861,338,2.6,36-45
2023-02-02 21:42:58.297161936,SUV,Tata,Central,Hybrid,1034003,310,4.7,26-35
2023-02-04 17:35:21.535893155,Truck,Honda,East,Diesel,3664897,237,3.1,26-35
2023-02-06 13:27:44.774624374,Sedan,Hyundai,East,Hybrid,3115804,193,4.2,36-45
2023-02-08 09:20:08.013355592,Electric,Maruti,North,Hybrid,618413,116,4.5,26-35
2023-02-10 05:12:31.252086811,Truck,Honda,West,Hybrid,2482243,93,4.2,18-25
2023-02-12 01:04:54.490818030,SUV,Honda,South,Diesel,2192128,347,2.7,18-25
2023-02-13 20:57:17.729549248,SUV,Mahindra,East,Petrol,3913654,259,4.0,36-45
2023-02-15 16:49:40.968280467,Hatchback,Hyundai,East,Electric,2292113,372,3.9,26-35
2023-02-17 12:42:04.207011686,Hatchback,Honda,West,Hybrid,3770209,450,4.8,18-25
2023-02-19 08:34:27.445742904,Sedan,Honda,West,Petrol,715400,30,3.5,18-25
2023-02-21 04:26:50.684474123,Truck,Hyundai,Central,Hybrid,3629684,205,3.3,46-55
2023-02-23 00:19:13.923205342,Truck,Hyundai,Central,Diesel,3157025,187,4.4,46-55
2023-02-24 20:11:37.161936561,Hatchback,Honda,South,Petrol,2365690,426,3.5,18-25
2023-02-26 16:04:00.400667779,Truck,Hyundai,South,Diesel,3824664,484,4.1,36-45
2023-02-28 11:56:23.639398998,Truck,Honda,North,Hybrid,892136,16,4.1,56+
2023-03-02 07:48:46.878130217,SUV,Honda,Central,Hybrid,889954,79,4.7,56+
2023-03-04 03:41:10.116861435,Hatchback,Mahindra,East,Diesel,2635219,136,4.0,18-25
2023-03-05 23:33:33.355592654,Electric,Toyota,Central,Electric,2246621,408,3.8,18-25
2023-03-07 19:25:56.594323873,Hatchback,Honda,East,Diesel,518073,475,2.8,18-25
2023-03-09 15:18:19.833055091,Electric,Tata,West,Hybrid,536035,169,2.8,36-45
2023-03-11 11:10:43.071786310,SUV,Maruti,Central,Diesel,1744625,257,2.9,46-55
2023-03-13 07:03:06.310517529,Sedan,Toyota,West,Electric,733782,212,2.9,18-25
2023-03-15 02:55:29.549248748,Truck,Toyota,South,Diesel,3211813,157,4.1,18-25
2023-03-16 22:47:52.787979966,SUV,Toyota,South,Electric,2418370,481,4.4,26-35
2023-03-18 18:40:16.026711185,Truck,Mahindra,North,Electric,1114805,152,3.8,36-45
2023-03-20 14:32:39.265442404,Sedan,Honda,Central,Diesel,2083246,441,4.6,18-25
2023-03-22 10:25:02.504173622,Sedan,Mahindra,West,Diesel,1226331,208,5.0,26-35
2023-03-24 06:17:25.742904841,SUV,Honda,East,Petrol,2294291,414,4.6,56+
2023-03-26 02:09:48.981636060,Sedan,Mahindra,South,Hybrid,2659081,435,4.2,18-25
2023-03-27 22:02:12.220367278,Electric,Mahindra,South,Electric,1257771,163,3.8,18-25
2023-03-29 17:54:35.459098497,Sedan,Maruti,East,Petrol,3482448,385,3.6,26-35
2023-03-31 13:46:58.697829716,Truck,Tata,West,Diesel,1167689,393,2.7,36-45
2023-04-02 09:39:21.936560934,Truck,Mahindra,West,Hybrid,3378117,151,3.5,18-25
2023-04-04 05:31:45.175292153,Truck,Maruti,Central,Petrol,787313,322,4.8,56+
2023-04-06 01:24:08.414023372,Truck,Hyundai,Central,Electric,587468,174,4.5,18-25
2023-04-07 21:16:31.652754590,Electric,Tata,North,Petrol,3680322,323,3.0,56+
2023-04-09 17:08:54.891485809,Hatchback,Mahindra,South,Electric,2543037,30,3.7,46-55
2023-04-11 13:01:18.130217028,SUV,Toyota,Central,Diesel,691703,91,4.5,46-55
2023-04-13 08:53:41.368948246,Truck,Hyundai,West,Hybrid,1593609,78,2.7,56+
2023-04-15 04:46:04.607679465,Sedan,Hyundai,East,Hybrid,3587821,140,3.5,36-45
2023-04-17 00:38:27.846410684,Truck,Maruti,West,Hybrid,1622437,96,4.6,18-25
2023-04-18 20:30:51.085141902,Sedan,Hyundai,South,Diesel,3304802,227,3.5,18-25
2023-04-20 16:23:14.323873122,Sedan,Tata,West,Electric,793894,430,2.7,46-55
2023-04-22 12:15:37.562604340,Truck,Mahindra,North,Diesel,2113325,481,3.9,56+
2023-04-24 08:08:00.801335558,Electric,Mahindra,South,Hybrid,1626798,314,4.7,18-25
2023-04-26 04:00:24.040066778,Sedan,Toyota,East,Diesel,3233460,412,4.0,18-25
2023-04-27 23:52:47.278797996,Sedan,Maruti,North,Diesel,2359234,380,3.1,36-45
2023-04-29 19:45:10.517529214,Truck,Toyota,South,Diesel,3390305,354,3.5,26-35
2023-05-01 15:37:33.756260434,Sedan,Hyundai,East,Electric,2522234,350,3.6,46-55
2023-05-03 11:29:56.994991652,Sedan,Toyota,North,Petrol,3142049,393,3.9,46-55
2023-05-05 07:22:20.233722870,Truck,Tata,North,Petrol,2203377,405,4.4,26-35
2023-05-07 03:14:43.472454090,Truck,Mahindra,South,Diesel,1752557,454,2.7,18-25
2023-05-08 23:07:06.711185308,SUV,Hyundai,Central,Petrol,604211,434,4.7,36-45
2023-05-10 18:59:29.949916526,Electric,Toyota,North,Petrol,3832049,170,2.5,36-45
2023-05-12 14:51:53.188647746,Electric,Maruti,North,Diesel,1990687,187,3.4,46-55
2023-05-14 10:44:16.427378964,Sedan,Tata,East,Diesel,987689,126,2.6,36-45
2023-05-16 06:36:39.666110182,Electric,Tata,West,Hybrid,1423160,205,3.5,26-35
2023-05-18 02:29:02.904841402,Sedan,Toyota,South,Petrol,3458104,392,3.8,18-25
2023-05-19 22:21:26.143572620,SUV,Mahindra,South,Electric,3447893,499,3.8,26-35
2023-05-21 18:13:49.382303838,Truck,Toyota,Central,Diesel,1578560,336,2.9,56+
2023-05-23 14:06:12.621035058,Truck,Hyundai,Central,Hybrid,3651629,95,4.1,46-55
2023-05-25 09:58:35.859766276,Truck,Toyota,South,Electric,2759776,298,2.6,36-45
2023-05-27 05:50:59.098497496,Electric,Tata,Central,Petrol,3868045,90,4.4,56+
2023-05-29 01:43:22.337228714,SUV,Toyota,East,Hybrid,3938927,161,4.9,36-45
2023-05-30 21:35:45.575959932,Electric,Mahindra,South,Diesel,1193045,70,3.3,18-25
2023-06-01 17:28:08.814691152,Electric,Maruti,Central,Electric,1491469,70,3.8,18-25
2023-06-03 13:20:32.053422370,SUV,Honda,South,Diesel,645788,363,3.4,18-25
2023-06-05 09:12:55.292153588,SUV,Toyota,West,Petrol,1138387,37,2.5,36-45
2023-06-07 05:05:18.530884808,SUV,Mahindra,North,Electric,3132578,451,3.5,56+
2023-06-09 00:57:41.769616026,SUV,Mahindra,South,Petrol,3287810,52,4.5,18-25
2023-06-10 20:50:05.008347244,Truck,Maruti,North,Petrol,1468616,178,4.0,56+
2023-06-12 16:42:28.247078464,Hatchback,Tata,Central,Hybrid,523429,432,2.8,36-45
2023-06-14 12:34:51.485809682,Hatchback,Mahindra,North,Diesel,1750956,95,4.6,56+
2023-06-16 08:27:14.724540900,SUV,Mahindra,South,Electric,1990036,186,3.8,36-45
2023-06-18 04:19:37.963272120,Hatchback,Mahindra,West,Petrol,3369729,26,4.6,36-45
2023-06-20 00:12:01.202003338,Hatchback,Mahindra,Central,Petrol,3890855,107,4.0,46-55
2023-06-21 20:04:24.440734556,SUV,Hyundai,South,Electric,3484852,463,3.9,36-45
2023-06-23 15:56:47.679465776,Hatchback,Hyundai,Central,Petrol,2309377,207,2.8,36-45
2023-06-25 11:49:10.918196994,Electric,Tata,East,Hybrid,1565923,107,2.9,26-35
2023-06-27 07:41:34.156928212,Sedan,Toyota,North,Hybrid,2220856,74,4.9,18-25
2023-06-29 03:33:57.395659432,Sedan,Mahindra,East,Hybrid,1056110,339,3.1,46-55
2023-06-30 23:26:20.634390650,SUV,Maruti,South,Hybrid,1464163,350,4.9,46-55
2023-07-02 19:18:43.873121868,Truck,Toyota,West,Petrol,3512539,14,3.8,46-55
2023-07-04 15:11:07.111853088,SUV,Maruti,Central,Electric,2030891,11,2.8,26-35
2023-07-06 11:03:30.350584306,Truck,Toyota,North,Electric,507967,31,2.7,36-45
2023-07-08 06:55:53.589315524,Sedan,Tata,Central,Electric,2822523,121,3.0,18-25
2023-07-10 02:48:16.828046744,SUV,Mahindra,South,Electric,1757100,66,4.8,56+
2023-07-11 22:40:40.066777962,Electric,Mahindra,Central,Diesel,1713261,75,3.5,36-45
2023-07-13 18:33:03.305509180,Hatchback,Honda,North,Electric,1052467,339,3.5,26-35
2023-07-15 14:25:26.544240400,Truck,Maruti,South,Diesel,751537,107,3.3,36-45
2023-07-17 10:17:49.782971618,Hatchback,Toyota,Central,Diesel,2256124,153,2.9,36-45
2023-07-19 06:10:13.021702836,Hatchback,Toyota,West,Hybrid,1341531,377,3.7,26-35
2023-07-21 02:02:36.260434056,SUV,Hyundai,South,Diesel,1364645,444,2.8,46-55
2023-07-22 21:54:59.499165274,Hatchback,Honda,South,Petrol,1928127,134,4.6,46-55
2023-07-24 17:47:22.737896492,Electric,Hyundai,West,Diesel,1435772,176,3.4,18-25
2023-07-26 13:39:45.976627712,Hatchback,Hyundai,East,Hybrid,971082,95,3.4,18-25
2023-07-28 09:32:09.215358930,SUV,Hyundai,North,Diesel,2421277,85,3.7,46-55
2023-07-30 05:24:32.454090148,Electric,Maruti,East,Petrol,560545,353,3.6,56+
2023-08-01 01:16:55.692821368,Sedan,Maruti,Central,Petrol,3880283,433,5.0,36-45
2023-08-02 21:09:18.931552588,Hatchback,Tata,West,Petrol,2821046,303,3.9,56+
2023-08-04 17:01:42.170283804,SUV,Tata,East,Hybrid,3324658,453,2.7,36-45
2023-08-06 12:54:05.409015024,Sedan,Hyundai,South,Hybrid,3586622,68,4.0,46-55
2023-08-08 08:46:28.647746244,Sedan,Honda,Central,Electric,3947794,147,2.9,18-25
2023-08-10 04:38:51.886477460,Truck,Toyota,Central,Hybrid,2596594,108,2.6,18-25
2023-08-12 00:31:15.125208680,Electric,Maruti,East,Petrol,2115777,201,4.9,56+
2023-08-13 20:23:38.363939900,Hatchback,Honda,East,Petrol,2847649,252,4.4,18-25
2023-08-15 16:16:01.602671116,SUV,Mahindra,West,Hybrid,1473181,328,5.0,46-55
2023-08-17 12:08:24.841402336,Truck,Maruti,North,Diesel,3616810,58,3.7,56+
2023-08-19 08:00:48.080133556,Electric,Maruti,East,Hybrid,1991633,457,3.8,36-45
2023-08-21 03:53:11.318864772,Truck,Tata,East,Hybrid,1201692,41,2.9,18-25
2023-08-22 23:45:34.557595992,Electric,Toyota,South,Petrol,2033854,400,3.1,26-35
2023-08-24 19:37:57.796327212,Electric,Toyota,Central,Electric,3503447,286,4.6,18-25
2023-08-26 15:30:21.035058428,Hatchback,Mahindra,North,Petrol,2561774,29,3.4,36-45
2023-08-28 11:22:44.273789648,Electric,Mahindra,South,Electric,1704680,163,4.6,56+
2023-08-30 07:15:07.512520868,Truck,Maruti,West,Petrol,3290358,392,4.3,36-45
2023-09-01 03:07:30.751252084,Electric,Hyundai,West,Hybrid,3690664,77,2.9,26-35
2023-09-02 22:59:53.989983304,Hatchback,Tata,East,Petrol,3282306,375,3.8,46-55
2023-09-04 18:52:17.228714524,Hatchback,Tata,East,Petrol,2265524,381,4.2,18-25
2023-09-06 14:44:40.467445740,Truck,Maruti,West,Petrol,1750632,223,3.1,56+
2023-09-08 10:37:03.706176960,Sedan,Honda,East,Hybrid,2516411,152,4.6,46-55
2023-09-10 06:29:26.944908180,Sedan,Hyundai,North,Hybrid,2822621,385,3.9,36-45
2023-09-12 02:21:50.183639396,Electric,Maruti,East,Hybrid,3673869,241,2.9,56+
2023-09-13 22:14:13.422370616,SUV,Hyundai,Central,Hybrid,2475154,222,4.0,46-55
2023-09-15 18:06:36.661101836,Electric,Hyundai,East,Electric,637478,88,5.0,56+
2023-09-17 13:58:59.899833052,Truck,Hyundai,South,Electric,3743087,223,2.9,26-35
2023-09-19 09:51:23.138564272,Truck,Maruti,North,Diesel,1409711,125,4.5,26-35
2023-09-21 05:43:46.377295492,Truck,Tata,South,Hybrid,3800091,101,3.0,18-25
2023-09-23 01:36:09.616026708,Truck,Tata,South,Electric,3218979,279,4.5,18-25
2023-09-24 21:28:32.854757928,Truck,Hyundai,Central,Petrol,2119715,420,4.3,26-35
2023-09-26 17:20:56.093489148,Hatchback,Honda,North,Hybrid,3090310,390,3.3,56+
2023-09-28 13:13:19.332220364,Sedan,Toyota,North,Diesel,2127687,498,3.3,26-35
2023-09-30 09:05:42.570951584,Truck,Maruti,North,Diesel,2620464,177,4.5,18-25
2023-10-02 04:58:05.809682804,SUV,Toyota,North,Diesel,1460612,67,3.7,26-35
2023-10-04 00:50:29.048414020,SUV,Honda,North,Petrol,927387,293,4.3,26-35
2023-10-05 20:42:52.287145240,SUV,Maruti,Central,Electric,3032147,35,2.9,56+
2023-10-07 16:35:15.525876460,SUV,Hyundai,East,Petrol,2433731,378,4.6,46-55
2023-10-09 12:27:38.764607676,Hatchback,Tata,South,Hybrid,3395995,456,4.3,18-25
2023-10-11 08:20:02.003338896,SUV,Toyota,North,Diesel,2044613,75,4.8,56+
2023-10-13 04:12:25.242070116,Truck,Mahindra,East,Petrol,1797638,418,2.8,26-35
2023-10-15 00:04:48.480801332,Electric,Mahindra,East,Petrol,3440593,257,4.0,26-35
2023-10-16 19:57:11.719532552,SUV,Honda,South,Electric,935684,263,4.0,46-55
2023-10-18 15:49:34.958263772,Hatchback,Hyundai,Central,Electric,2654174,396,3.4,18-25
2023-10-20 11:41:58.196994992,Hatchback,Toyota,West,Diesel,2930525,465,3.6,18-25
2023-10-22 07:34:21.435726208,SUV,Hyundai,West,Petrol,3744799,53,2.6,36-45
2023-10-24 03:26:44.674457428,Electric,Toyota,East,Petrol,1730844,106,4.4,18-25
2023-10-25 23:19:07.913188648,SUV,Honda,South,Electric,3595010,51,3.9,46-55
2023-10-27 19:11:31.151919864,Hatchback,Honda,West,Petrol,2956070,236,2.6,36-45
2023-10-29 15:03:54.390651084,Sedan,Mahindra,East,Petrol,989626,271,4.2,36-45
2023-10-31 10:56:17.629382304,Truck,Hyundai,Central,Petrol,788859,176,3.7,26-35
2023-11-02 06:48:40.868113520,Hatchback,Maruti,West,Electric,1314037,445,2.6,26-35
2023-11-04 02:41:04.106844740,SUV,Mahindra,East,Diesel,2172717,288,4.9,18-25
2023-11-05 22:33:27.345575960,Truck,Hyundai,East,Hybrid,1055462,98,4.9,36-45
2023-11-07 18:25:50.584307176,SUV,Mahindra,North,Diesel,1427460,388,3.8,26-35
2023-11-09 14:18:13.823038396,SUV,Maruti,Central,Hybrid,2046236,187,2.7,46-55
2023-11-11 10:10:37.061769616,Sedan,Tata,North,Petrol,3722101,436,4.4,26-35
2023-11-13 06:03:00.300500832,Truck,Tata,South,Diesel,1741597,412,3.7,26-35
2023-11-15 01:55:23.539232052,Truck,Tata,North,Hybrid,2790870,206,3.3,36-45
2023-11-16 21:47:46.777963272,Sedan,Tata,North,Electric,1094305,316,3.7,36-45
2023-11-18 17:40:10.016694488,Hatchback,Toyota,West,Electric,563037,276,3.8,56+
2023-11-20 13:32:33.255425708,SUV,Tata,East,Diesel,3127988,277,3.9,46-55
2023-11-22 09:24:56.494156928,Electric,Maruti,Central,Diesel,3238421,83,3.6,36-45
2023-11-24 05:17:19.732888144,SUV,Honda,North,Petrol,1782789,17,4.0,18-25
2023-11-26 01:09:42.971619364,SUV,Honda,Central,Diesel,704366,417,4.8,46-55
2023-11-27 21:02:06.210350584,Hatchback,Toyota,North,Petrol,1002420,485,3.4,46-55
2023-11-29 16:54:29.449081800,SUV,Tata,South,Petrol,2751401,306,4.3,36-45
2023-12-01 12:46:52.687813020,Sedan,Tata,North,Electric,1834742,173,4.7,46-55
2023-12-03 08:39:15.926544240,Sedan,Tata,West,Electric,2179161,494,3.6,36-45
2023-12-05 04:31:39.165275456,Truck,Mahindra,East,Hybrid,1538199,94,3.6,26-35
2023-12-07 00:24:02.404006676,Electric,Hyundai,South,Electric,1160902,81,4.0,56+
2023-12-08 20:16:25.642737896,SUV,Mahindra,North,Electric,3867812,64,4.0,26-35
2023-12-10 16:08:48.881469112,SUV,Hyundai,Central,Diesel,2038112,402,4.5,36-45
2023-12-12 12:01:12.120200332,Hatchback,Tata,South,Electric,1609004,56,3.7,36-45
2023-12-14 07:53:35.358931552,Sedan,Tata,South,Hybrid,2226676,408,5.0,26-35
2023-12-16 03:45:58.597662768,Electric,Mahindra,North,Diesel,1870073,441,2.6,18-25
2023-12-17 23:38:21.836393988,Truck,Mahindra,South,Hybrid,2185996,247,2.5,18-25
2023-12-19 19:30:45.075125208,Sedan,Hyundai,Central,Electric,1736180,113,4.1,18-25
2023-12-21 15:23:08.313856424,Truck,Honda,South,Hybrid,3137492,219,3.2,36-45
2023-12-23 11:15:31.552587644,Hatchback,Hyundai,Central,Diesel,3746417,51,3.1,46-55
2023-12-25 07:07:54.791318864,Hatchback,Mahindra,North,Petrol,1202436,325,3.3,36-45
2023-12-27 03:00:18.030050080,SUV,Maruti,East,Hybrid,3043788,477,3.1,46-55
2023-12-28 22:52:41.268781300,Electric,Mahindra,South,Hybrid,3253183,463,2.6,26-35
2023-12-30 18:45:04.507512520,Truck,Maruti,East,Diesel,2859459,277,4.9,56+
2024-01-01 14:37:27.746243736,Sedan,Toyota,Central,Diesel,1852144,395,3.1,46-55
2024-01-03 10:29:50.984974956,Hatchback,Mahindra,South,Hybrid,2051330,272,4.3,18-25
2024-01-05 06:22:14.223706176,SUV,Toyota,West,Electric,1471248,345,4.4,36-45
2024-01-07 02:14:37.462437392,SUV,Honda,East,Hybrid,963547,396,4.8,26-35
2024-01-08 22:07:00.701168612,Truck,Hyundai,South,Diesel,3001002,374,2.6,18-25
2024-01-10 17:59:23.939899832,Hatchback,Maruti,East,Petrol,1684446,268,4.7,26-35
2024-01-12 13:51:47.178631048,Electric,Hyundai,South,Petrol,1833140,292,3.8,56+
2024-01-14 09:44:10.417362268,Hatchback,Toyota,North,Electric,3107411,123,4.1,36-45
2024-01-16 05:36:33.656093488,Truck,Maruti,East,Hybrid,2193439,372,4.1,36-45
2024-01-18 01:28:56.894824704,Truck,Hyundai,West,Petrol,2331094,49,4.5,56+
2024-01-19 21:21:20.133555924,Hatchback,Mahindra,West,Hybrid,3937172,495,3.3,36-45
2024-01-21 17:13:43.372287144,Truck,Tata,Central,Diesel,1559325,426,4.3,46-55
2024-01-23 13:06:06.611018360,Hatchback,Toyota,South,Petrol,3225571,229,3.8,26-35
2024-01-25 08:58:29.849749580,Sedan,Hyundai,East,Electric,2229057,138,4.5,18-25
2024-01-27 04:50:53.088480800,Hatchback,Toyota,Central,Diesel,2463571,17,5.0,56+
2024-01-29 00:43:16.327212016,Hatchback,Toyota,East,Electric,1848207,110,3.0,46-55
2024-01-30 20:35:39.565943236,Truck,Maruti,South,Diesel,725019,425,5.0,18-25
2024-02-01 16:28:02.804674456,Truck,Maruti,West,Petrol,1975153,389,2.7,18-25
2024-02-03 12:20:26.043405672,SUV,Tata,North,Electric,2356231,185,2.5,56+
2024-02-05 08:12:49.282136892,SUV,Mahindra,West,Electric,1097218,116,2.6,46-55
2024-02-07 04:05:12.520868112,Sedan,Toyota,Central,Diesel,3936252,110,3.4,18-25
2024-02-08 23:57:35.759599328,SUV,Hyundai,North,Electric,1317052,269,4.1,18-25
2024-02-10 19:49:58.998330548,Hatchback,Honda,Central,Diesel,2485957,487,2.7,46-55
2024-02-12 15:42:22.237061768,Truck,Toyota,South,Diesel,3902281,463,2.5,36-45
2024-02-14 11:34:45.475792984,SUV,Toyota,North,Diesel,1219401,375,4.8,18-25
2024-02-16 07:27:08.714524204,SUV,Tata,Central,Diesel,2575020,255,4.6,26-35
2024-02-18 03:19:31.953255424,Sedan,Mahindra,South,Petrol,1928080,284,4.5,46-55
2024-02-19 23:11:55.191986644,Sedan,Honda,West,Diesel,1601928,41,4.7,18-25
2024-02-21 19:04:18.430717860,Hatchback,Maruti,South,Hybrid,3021279,146,4.3,56+
2024-02-23 14:56:41.669449080,Truck,Maruti,East,Electric,3809584,21,2.8,26-35
2024-02-25 10:49:04.908180296,Sedan,Hyundai,South,Hybrid,2600343,404,3.5,18-25
2024-02-27 06:41:28.146911520,SUV,Honda,South,Petrol,2425544,311,4.3,26-35
2024-02-29 02:33:51.385642736,Truck,Maruti,East,Hybrid,3226016,384,3.2,26-35
2024-03-01 22:26:14.624373952,Truck,Hyundai,Central,Electric,1744289,25,4.2,36-45
2024-03-03 18:18:37.863105176,SUV,Mahindra,Central,Hybrid,942939,138,2.6,26-35
2024-03-05 14:11:01.101836392,Sedan,Hyundai,South,Petrol,1552207,72,3.3,36-45
2024-03-07 10:03:24.340567608,SUV,Maruti,East,Diesel,3782972,118,3.9,46-55
2024-03-09 05:55:47.579298832,Truck,Tata,East,Hybrid,804224,384,4.1,36-45
2024-03-11 01:48:10.818030048,Electric,Tata,West,Petrol,720169,30,3.9,56+
2024-03-12 21:40:34.056761264,Electric,Tata,Central,Petrol,3211793,167,4.2,18-25
2024-03-14 17:32:57.295492488,Hatchback,Maruti,North,Electric,1962073,278,2.5,46-55
2024-03-16 13:25:20.534223704,SUV,Tata,Central,Electric,1052959,171,2.8,46-55
2024-03-18 09:17:43.772954920,SUV,Honda,Central,Hybrid,2195675,269,4.7,56+
2024-03-20 05:10:07.011686144,Hatchback,Mahindra,West,Diesel,2819124,421,4.2,36-45
2024-03-22 01:02:30.250417360,Hatchback,Hyundai,North,Petrol,2573290,111,2.8,18-25
2024-03-23 20:54:53.489148576,Hatchback,Hyundai,West,Hybrid,1938454,232,4.6,36-45
2024-03-25 16:47:16.727879800,Truck,Maruti,North,Petrol,1248321,68,3.1,26-35
2024-03-27 12:39:39.966611016,SUV,Tata,South,Petrol,3105831,256,3.7,36-45
2024-03-29 08:32:03.205342232,Truck,Tata,North,Diesel,3018970,137,2.9,46-55
2024-03-31 04:24:26.444073456,Hatchback,Toyota,West,Diesel,2227408,292,4.3,18-25
2024-04-02 00:16:49.682804672,SUV,Mahindra,Central,Hybrid,3301742,334,4.2,36-45
2024-04-03 20:09:12.921535888,Truck,Honda,North,Diesel,3588272,34,3.0,18-25
2024-04-05 16:01:36.160267112,Truck,Hyundai,North,Diesel,1555675,140,4.7,18-25
2024-04-07 11:53:59.398998328,Hatchback,Toyota,East,Hybrid,2322550,362,3.5,26-35
2024-04-09 07:46:22.637729544,SUV,Toyota,Central,Diesel,3177932,205,3.2,26-35
2024-04-11 03:38:45.876460768,Hatchback,Maruti,South,Electric,3742450,290,2.9,46-55
2024-04-12 23:31:09.115191984,SUV,Hyundai,West,Petrol,1465188,413,3.2,56+
2024-04-14 19:23:32.353923200,Electric,Maruti,South,Petrol,1054399,427,2.6,18-25
2024-04-16 15:15:55.592654424,Sedan,Honda,Central,Petrol,2661088,163,4.0,56+
2024-04-18 11:08:18.831385640,Sedan,Toyota,North,Petrol,2820484,391,4.6,46-55
2024-04-20 07:00:42.070116856,Sedan,Toyota,North,Hybrid,3322988,142,3.9,18-25
2024-04-22 02:53:05.308848080,Hatchback,Mahindra,Central,Petrol,3968792,236,3.0,18-25
2024-04-23 22:45:28.547579296,Electric,Honda,North,Petrol,987510,198,2.6,56+
2024-04-25 18:37:51.786310512,SUV,Toyota,North,Petrol,2660682,485,3.0,36-45
2024-04-27 14:30:15.025041736,Truck,Honda,North,Petrol,3915660,486,3.5,26-35
2024-04-29 10:22:38.263772952,SUV,Hyundai,West,Electric,2100946,274,4.4,36-45
2024-05-01 06:15:01.502504168,Truck,Tata,West,Petrol,2173879,381,3.0,56+
2024-05-03 02:07:24.741235392,SUV,Toyota,East,Electric,2280752,495,4.3,26-35
2024-05-04 21:59:47.979966608,Electric,Mahindra,South,Hybrid,2418596,443,4.7,36-45
2024-05-06 17:52:11.218697824,Truck,Hyundai,Central,Diesel,3793331,143,3.6,26-35
2024-05-08 13:44:34.457429048,Hatchback,Honda,Central,Petrol,1374772,220,4.6,18-25
2024-05-10 09:36:57.696160264,SUV,Maruti,Central,Diesel,3559513,69,3.9,36-45
2024-05-12 05:29:20.934891480,SUV,Hyundai,East,Diesel,641214,437,4.1,26-35
2024-05-14 01:21:44.173622704,Truck,Toyota,West,Hybrid,3236493,386,3.8,26-35
2024-05-15 21:14:07.412353920,Hatchback,Honda,East,Diesel,2121219,404,3.7,26-35
2024-05-17 17:06:30.651085136,Hatchback,Tata,Central,Electric,903082,459,3.1,36-45
2024-05-19 12:58:53.889816360,Electric,Hyundai,South,Diesel,701139,440,3.3,46-55
2024-05-21 08:51:17.128547576,Hatchback,Toyota,North,Diesel,1528494,373,3.2,36-45
2024-05-23 04:43:40.367278792,Hatchback,Mahindra,West,Diesel,1521318,373,3.9,56+
2024-05-25 00:36:03.606010016,Hatchback,Maruti,West,Petrol,3246866,466,2.8,36-45
2024-05-26 20:28:26.844741232,Sedan,Honda,East,Petrol,3185467,222,4.8,26-35
2024-05-28 16:20:50.083472448,Electric,Hyundai,West,Electric,1999698,225,4.3,18-25
2024-05-30 12:13:13.322203672,SUV,Hyundai,Central,Electric,1707786,235,3.5,36-45
2024-06-01 08:05:36.560934888,Truck,Tata,Central,Petrol,592601,479,2.9,36-45
2024-06-03 03:57:59.799666104,SUV,Tata,East,Electric,3675684,140,4.7,26-35
2024-06-04 23:50:23.038397328,Electric,Mahindra,Central,Petrol,3884068,85,4.6,18-25
2024-06-06 19:42:46.277128544,Truck,Maruti,South,Hybrid,1129085,485,4.3,18-25
2024-06-08 15:35:09.515859760,Electric,Mahindra,East,Diesel,2459925,295,3.2,56+
2024-06-10 11:27:32.754590984,Hatchback,Toyota,South,Diesel,3509887,483,3.5,36-45
2024-06-12 07:19:55.993322200,Truck,Toyota,North,Electric,2018087,286,2.8,18-25
2024-06-14 03:12:19.232053416,Hatchback,Mahindra,South,Petrol,2209375,165,3.0,18-25
2024-06-15 23:04:42.470784640,SUV,Maruti,North,Petrol,2513321,257,4.5,46-55
2024-06-17 18:57:05.709515856,SUV,Mahindra,North,Electric,2377541,227,4.3,46-55
2024-06-19 14:49:28.948247072,Truck,Maruti,South,Petrol,3018638,199,4.0,18-25
2024-06-21 10:41:52.186978296,Truck,Maruti,East,Hybrid,1103103,426,4.7,56+
2024-06-23 06:34:15.425709512,Electric,Honda,Central,Diesel,539279,478,4.0,18-25
2024-06-25 02:26:38.664440728,Electric,Maruti,Central,Electric,871931,172,3.7,26-35
2024-06-26 22:19:01.903171952,Hatchback,Tata,North,Electric,2489968,189,3.4,36-45
2024-06-28 18:11:25.141903168,Truck,Maruti,North,Petrol,2745854,43,4.9,56+
2024-06-30 14:03:48.380634384,SUV,Maruti,East,Electric,1609639,50,2.7,26-35
2024-07-02 09:56:11.619365608,Electric,Maruti,West,Hybrid,3371039,316,4.8,56+
2024-07-04 05:48:34.858096824,Electric,Toyota,South,Petrol,1802887,440,4.6,26-35
2024-07-06 01:40:58.096828040,SUV,Tata,North,Petrol,3249336,347,2.8,36-45
2024-07-07 21:33:21.335559264,Electric,Tata,Central,Petrol,2239080,323,3.9,36-45
2024-07-09 17:25:44.574290480,Hatchback,Mahindra,East,Petrol,945377,84,4.7,46-55
2024-07-11 13:18:07.813021696,Truck,Honda,South,Hybrid,2038510,450,3.9,26-35
2024-07-13 09:10:31.051752920,SUV,Maruti,East,Petrol,3116241,288,4.8,46-55
2024-07-15 05:02:54.290484136,Truck,Hyundai,South,Electric,3343586,185,4.9,26-35
2024-07-17 00:55:17.529215352,Electric,Honda,South,Hybrid,1757008,393,3.6,46-55
2024-07-18 20:47:40.767946576,Electric,Honda,North,Diesel,2779203,159,3.4,36-45
2024-07-20 16:40:04.006677792,SUV,Tata,East,Diesel,3743389,282,4.8,56+
2024-07-22 12:32:27.245409008,Hatchback,Honda,East,Electric,1443693,334,4.2,46-55
2024-07-24 08:24:50.484140232,Sedan,Maruti,Central,Electric,2001352,117,2.8,26-35
2024-07-26 04:17:13.722871448,SUV,Maruti,Central,Hybrid,623257,148,2.6,26-35
2024-07-28 00:09:36.961602664,Sedan,Toyota,North,Diesel,3576214,359,3.9,36-45
2024-07-29 20:02:00.200333888,Sedan,Maruti,North,Diesel,1817630,280,4.8,26-35
2024-07-31 15:54:23.439065104,Hatchback,Maruti,West,Diesel,3572369,356,4.6,18-25
2024-08-02 11:46:46.677796320,Sedan,Tata,Central,Diesel,1503171,428,4.2,56+
2024-08-04 07:39:09.916527544,Sedan,Maruti,South,Diesel,3520634,298,2.8,46-55
2024-08-06 03:31:33.155258760,Hatchback,Toyota,East,Petrol,2553607,221,3.1,56+
2024-08-07 23:23:56.393989984,Sedan,Hyundai,North,Electric,3400737,390,4.7,36-45
2024-08-09 19:16:19.632721200,Sedan,Tata,East,Petrol,1870485,281,3.0,46-55
2024-08-11 15:08:42.871452416,Sedan,Hyundai,East,Diesel,3351596,427,3.2,46-55
2024-08-13 11:01:06.110183640,SUV,Tata,West,Hybrid,2181076,75,2.8,18-25
2024-08-15 06:53:29.348914856,SUV,Mahindra,Central,Hybrid,2111935,492,4.2,36-45
2024-08-17 02:45:52.587646072,SUV,Honda,North,Diesel,612990,433,4.9,26-35
2024-08-18 22:38:15.826377296,Hatchback,Mahindra,East,Diesel,1618095,257,3.2,18-25
2024-08-20 18:30:39.065108512,Electric,Maruti,North,Hybrid,1558079,165,3.7,18-25
2024-08-22 14:23:02.303839728,Sedan,Hyundai,South,Petrol,1740351,56,4.1,56+
2024-08-24 10:15:25.542570952,Sedan,Maruti,West,Petrol,1481883,432,5.0,56+
2024-08-26 06:07:48.781302168,Hatchback,Honda,South,Diesel,2168321,463,2.8,56+
2024-08-28 02:00:12.020033384,Sedan,Tata,North,Petrol,1213226,210,3.7,18-25
2024-08-29 21:52:35.258764608,SUV,Honda,North,Hybrid,3793705,157,3.5,26-35
2024-08-31 17:44:58.497495824,Electric,Toyota,Central,Petrol,2118702,133,4.7,46-55
2024-09-02 13:37:21.736227040,Truck,Honda,East,Diesel,2460208,10,3.7,56+
2024-09-04 09:29:44.974958264,Sedan,Toyota,East,Hybrid,2000071,465,2.8,26-35
2024-09-06 05:22:08.213689480,SUV,Honda,South,Petrol,526806,256,4.1,36-45
2024-09-08 01:14:31.452420696,Truck,Toyota,West,Electric,1724648,352,4.4,56+
2024-09-09 21:06:54.691151920,Electric,Hyundai,East,Hybrid,915384,137,2.5,46-55
2024-09-11 16:59:17.929883136,Truck,Maruti,Central,Hybrid,570119,200,4.6,36-45
2024-09-13 12:51:41.168614352,SUV,Maruti,South,Electric,2373722,76,3.0,36-45
2024-09-15 08:44:04.407345576,Truck,Mahindra,South,Electric,1733741,13,3.9,46-55
2024-09-17 04:36:27.646076792,Hatchback,Maruti,Central,Hybrid,3226872,451,3.5,56+
2024-09-19 00:28:50.884808008,Truck,Tata,West,Electric,3067793,418,4.3,18-25
2024-09-20 20:21:14.123539232,Sedan,Honda,Central,Diesel,3476533,312,3.4,46-55
2024-09-22 16:13:37.362270448,Sedan,Mahindra,West,Diesel,2019603,303,4.7,46-55
2024-09-24 12:06:00.601001664,Hatchback,Tata,Central,Diesel,2468541,152,4.3,46-55
2024-09-26 07:58:23.839732888,SUV,Tata,Central,Hybrid,3004659,200,4.1,36-45
2024-09-28 03:50:47.078464104,Sedan,Toyota,North,Electric,2250740,30,4.5,26-35
2024-09-29 23:43:10.317195320,Electric,Maruti,South,Electric,1363403,236,4.4,18-25
2024-10-01 19:35:33.555926544,Sedan,Hyundai,Central,Petrol,1379903,322,2.6,56+
2024-10-03 15:27:56.794657760,Sedan,Hyundai,Central,Petrol,1385421,126,3.5,56+
2024-10-05 11:20:20.033388976,SUV,Mahindra,East,Electric,584080,446,4.8,26-35
2024-10-07 07:12:43.272120200,Truck,Hyundai,South,Electric,1801367,311,2.8,46-55
2024-10-09 03:05:06.510851416,Sedan,Honda,East,Electric,1478836,151,4.3,18-25
2024-10-10 22:57:29.749582632,Hatchback,Hyundai,South,Hybrid,3723522,493,4.9,56+
2024-10-12 18:49:52.988313856,Truck,Mahindra,East,Electric,2890137,469,2.6,56+
2024-10-14 14:42:16.227045072,Electric,Hyundai,Central,Petrol,2721599,410,4.2,46-55
2024-10-16 10:34:39.465776288,SUV,Honda,Central,Hybrid,2717181,48,3.7,26-35
2024-10-18 06:27:02.704507512,Electric,Toyota,North,Electric,679830,402,3.9,18-25
2024-10-20 02:19:25.943238728,Truck,Mahindra,East,Petrol,2056518,364,2.7,26-35
2024-10-21 22:11:49.181969944,Truck,Toyota,West,Hybrid,3984144,261,2.6,26-35
2024-10-23 18:04:12.420701168,Truck,Toyota,North,Electric,3159083,342,4.2,18-25
2024-10-25 13:56:35.659432384,Electric,Toyota,East,Electric,806094,216,4.6,18-25
2024-10-27 09:48:58.898163600,Truck,Tata,East,Electric,1736497,219,4.5,56+
2024-10-29 05:41:22.136894824,Electric,Maruti,North,Hybrid,1911220,124,3.9,56+
2024-10-31 01:33:45.375626040,Truck,Tata,Central,Petrol,1183404,234,2.7,18-25
2024-11-01 21:26:08.614357256,Hatchback,Maruti,East,Petrol,2047261,143,4.2,36-45
2024-11-03 17:18:31.853088480,Truck,Toyota,Central,Diesel,2984884,260,3.1,56+
2024-11-05 13:10:55.091819696,Electric,Mahindra,North,Electric,1366183,228,4.8,36-45
2024-11-07 09:03:18.330550912,Sedan,Maruti,Central,Diesel,1122893,416,4.6,18-25
2024-11-09 04:55:41.569282136,Truck,Honda,South,Diesel,1341965,452,4.3,56+
2024-11-11 00:48:04.808013352,Sedan,Honda,West,Petrol,844710,100,4.9,26-35
2024-11-12 20:40:28.046744568,Hatchback,Hyundai,East,Hybrid,1132543,363,2.6,18-25
2024-11-14 16:32:51.285475792,SUV,Maruti,West,Hybrid,3381738,385,4.3,46-55
2024-11-16 12:25:14.524207008,Hatchback,Mahindra,Central,Petrol,3609119,55,3.3,36-45
2024-11-18 08:17:37.762938224,Truck,Tata,East,Hybrid,951157,47,4.8,18-25
2024-11-20 04:10:01.001669448,Sedan,Toyota,Central,Diesel,1606581,151,3.2,18-25
2024-11-22 00:02:24.240400664,Sedan,Hyundai,South,Electric,1765898,109,4.3,56+
2024-11-23 19:54:47.479131880,Electric,Honda,North,Petrol,3835512,337,4.7,56+
2024-11-25 15:47:10.717863104,Sedan,Tata,East,Electric,2620539,199,2.6,56+
2024-11-27 11:39:33.956594320,Electric,Tata,South,Hybrid,1380412,44,3.5,46-55
2024-11-29 07:31:57.195325536,SUV,Toyota,South,Electric,2252844,156,4.4,56+
2024-12-01 03:24:20.434056760,Truck,Maruti,East,Hybrid,3731185,39,3.6,18-25
2024-12-02 23:16:43.672787976,Electric,Honda,Central,Hybrid,2741281,343,3.2,56+
2024-12-04 19:09:06.911519192,SUV,Mahindra,South,Diesel,3625460,93,3.0,26-35
2024-12-06 15:01:30.150250416,Sedan,Tata,West,Hybrid,2192110,378,2.8,56+
2024-12-08 10:53:53.388981632,Sedan,Toyota,South,Diesel,817875,290,4.6,46-55
2024-12-10 06:46:16.627712848,SUV,Mahindra,Central,Diesel,2228794,433,3.9,26-35
2024-12-12 02:38:39.866444072,Sedan,Maruti,Central,Diesel,1728337,353,2.7,18-25
2024-12-13 22:31:03.105175288,SUV,Honda,West,Petrol,3166078,279,3.5,18-25
2024-12-15 18:23:26.343906504,Electric,Maruti,South,Petrol,984814,163,3.4,36-45
2024-12-17 14:15:49.582637728,Electric,Tata,Central,Hybrid,1726134,111,3.0,26-35
2024-12-19 10:08:12.821368944,SUV,Mahindra,East,Diesel,3020107,224,3.6,36-45
2024-12-21 06:00:36.060100160,Electric,Mahindra,North,Petrol,2130668,159,3.3,26-35
2024-12-23 01:52:59.298831384,Electric,Mahindra,North,Diesel,1919541,441,3.4,26-35
2024-12-24 21:45:22.537562600,Electric,Tata,North,Electric,1552330,92,4.3,46-55
2024-12-26 17:37:45.776293816,Hatchback,Tata,South,Electric,2099908,119,3.1,36-45
2024-12-28 13:30:09.015025040,Truck,Maruti,West,Electric,2664412,444,4.1,46-55
2024-12-30 09:22:32.253756256,Sedan,Hyundai,Central,Hybrid,1615488,396,3.9,26-35
2025-01-01 05:14:55.492487472,Hatchback,Maruti,East,Diesel,2853847,435,3.9,18-25
2025-01-03 01:07:18.731218696,Electric,Honda,East,Electric,3130146,284,4.2,26-35
2025-01-04 20:59:41.969949912,SUV,Toyota,South,Petrol,3392478,210,3.9,46-55
2025-01-06 16:52:05.208681128,Electric,Mahindra,North,Electric,2484117,293,4.7,36-45
2025-01-08 12:44:28.447412352,Truck,Hyundai,South,Electric,2943282,477,4.2,36-45
2025-01-10 08:36:51.686143568,Electric,Toyota,West,Electric,1368374,182,3.9,46-55
2025-01-12 04:29:14.924874784,SUV,Hyundai,West,Hybrid,2255548,336,4.6,36-45
2025-01-14 00:21:38.163606008,Truck,Maruti,Central,Petrol,529725,215,4.0,56+
2025-01-15 20:14:01.402337224,Electric,Tata,Central,Diesel,1685574,72,3.2,18-25
2025-01-17 16:06:24.641068440,Truck,Mahindra,West,Petrol,604555,82,3.0,18-25
2025-01-19 11:58:47.879799664,Sedan,Maruti,West,Diesel,2858638,260,2.9,18-25
2025-01-21 07:51:11.118530880,Sedan,Toyota,West,Hybrid,1295928,133,4.7,36-45
2025-01-23 03:43:34.357262096,Electric,Toyota,South,Hybrid,2129311,384,4.3,36-45
2025-01-24 23:35:57.595993320,Truck,Toyota,West,Hybrid,1388036,130,4.8,26-35
2025-01-26 19:28:20.834724536,SUV,Toyota,East,Hybrid,3471783,284,4.0,26-35
2025-01-28 15:20:44.073455752,Electric,Toyota,North,Diesel,3162761,440,3.7,18-25
2025-01-30 11:13:07.312186976,Sedan,Hyundai,West,Electric,2325977,407,2.6,56+
2025-02-01 07:05:30.550918192,Sedan,Maruti,North,Diesel,2830255,129,4.2,26-35
2025-02-03 02:57:53.789649408,Electric,Mahindra,South,Petrol,1482599,431,4.0,26-35
2025-02-04 22:50:17.028380632,Truck,Tata,North,Hybrid,3013024,446,5.0,36-45
2025-02-06 18:42:40.267111848,Sedan,Tata,South,Hybrid,2652299,326,3.1,56+
2025-02-08 14:35:03.505843064,Truck,Maruti,East,Petrol,3040034,173,3.8,18-25
2025-02-10 10:27:26.744574288,Sedan,Maruti,South,Diesel,3072736,433,4.1,26-35
2025-02-12 06:19:49.983305504,Sedan,Tata,South,Electric,2898083,474,4.1,56+
2025-02-14 02:12:13.222036720,Hatchback,Tata,Central,Electric,2841991,295,3.9,56+
2025-02-15 22:04:36.460767944,Sedan,Hyundai,West,Petrol,3053314,274,4.4,18-25
2025-02-17 17:56:59.699499160,SUV,Honda,West,Electric,1046015,329,3.0,56+
2025-02-19 13:49:22.938230376,Electric,Mahindra,East,Diesel,1643657,170,4.3,56+
2025-02-21 09:41:46.176961600,Electric,Toyota,East,Diesel,1933441,385,4.0,56+
2025-02-23 05:34:09.415692816,Truck,Honda,West,Petrol,2140920,317,4.7,26-35
2025-02-25 01:26:32.654424032,Sedan,Maruti,Central,Diesel,2207017,98,4.6,18-25
2025-02-26 21:18:55.893155256,SUV,Tata,West,Hybrid,1189556,151,3.3,56+
2025-02-28 17:11:19.131886472,Truck,Honda,Central,Petrol,3289247,212,3.2,56+
2025-03-02 13:03:42.370617688,Hatchback,Mahindra,East,Diesel,3357261,318,5.0,26-35
2025-03-04 08:56:05.609348912,Truck,Maruti,North,Petrol,3725830,236,3.8,18-25
2025-03-06 04:48:28.848080128,Truck,Toyota,East,Electric,3594234,498,4.8,36-45
2025-03-08 00:40:52.086811344,Sedan,Toyota,East,Diesel,2753722,452,2.9,26-35
2025-03-09 20:33:15.325542568,Hatchback,Mahindra,South,Hybrid,2149729,343,4.1,18-25
2025-03-11 16:25:38.564273784,Truck,Mahindra,South,Diesel,1616271,231,4.5,56+
2025-03-13 12:18:01.803005000,SUV,Tata,South,Petrol,3028268,50,4.9,18-25
2025-03-15 08:10:25.041736224,SUV,Toyota,South,Petrol,3118760,205,3.3,18-25
2025-03-17 04:02:48.280467440,Electric,Maruti,Central,Diesel,2714387,77,4.3,18-25
2025-03-18 23:55:11.519198656,Hatchback,Honda,West,Hybrid,3599555,485,3.8,36-45
2025-03-20 19:47:34.757929880,Hatchback,Maruti,North,Hybrid,1989493,273,2.7,18-25
2025-03-22 15:39:57.996661096,Electric,Hyundai,East,Hybrid,2181641,11,4.2,36-45
2025-03-24 11:32:21.235392312,Truck,Hyundai,Central,Petrol,1567609,370,4.2,56+
2025-03-26 07:24:44.474123536,Hatchback,Mahindra,North,Diesel,1016409,134,4.8,36-45
2025-03-28 03:17:07.712854752,SUV,Tata,Central,Electric,1166165,119,3.7,56+
2025-03-29 23:09:30.951585968,SUV,Hyundai,Central,Petrol,3288363,95,3.1,56+
2025-03-31 19:01:54.190317192,Sedan,Toyota,East,Hybrid,3148272,434,2.6,36-45
2025-04-02 14:54:17.429048408,Hatchback,Maruti,West,Diesel,1743085,129,3.5,26-35
2025-04-04 10:46:40.667779632,Truck,Maruti,South,Hybrid,1926445,136,3.3,46-55
2025-04-06 06:39:03.906510848,Electric,Mahindra,West,Electric,2742168,264,4.4,18-25
2025-04-08 02:31:27.145242064,Electric,Honda,East,Hybrid,782017,192,3.4,46-55
2025-04-09 22:23:50.383973288,Truck,Mahindra,East,Hybrid,3735192,25,4.9,18-25
2025-04-11 18:16:13.622704504,Sedan,Honda,East,Electric,3267891,486,4.9,18-25
2025-04-13 14:08:36.861435720,Electric,Mahindra,North,Diesel,3763050,71,4.1,56+
2025-04-15 10:01:00.100166944,Hatchback,Mahindra,West,Petrol,2240687,378,4.8,18-25
2025-04-17 05:53:23.338898160,Sedan,Mahindra,West,Diesel,2435090,441,4.4,18-25
2025-04-19 01:45:46.577629376,Hatchback,Honda,Central,Electric,1245182,167,3.9,36-45
2025-04-20 21:38:09.816360592,SUV,Honda,Central,Hybrid,3044709,277,3.0,46-55
2025-04-22 17:30:33.055091808,Sedan,Mahindra,Central,Diesel,3395671,44,3.6,36-45
2025-04-24 13:22:56.293823040,Electric,Hyundai,East,Petrol,916978,276,3.9,18-25
2025-04-26 09:15:19.532554256,Sedan,Tata,West,Electric,1533316,73,4.7,56+
2025-04-28 05:07:42.771285472,Sedan,Tata,East,Diesel,3466201,59,3.7,36-45
2025-04-30 01:00:06.010016688,Sedan,Tata,North,Petrol,1124771,478,4.7,36-45
2025-05-01 20:52:29.248747904,Sedan,Honda,Central,Electric,3121038,264,4.2,26-35
2025-05-03 16:44:52.487479120,Hatchback,Honda,East,Petrol,2082460,158,2.8,18-25
2025-05-05 12:37:15.726210352,SUV,Hyundai,East,Electric,3880355,334,5.0,56+
2025-05-07 08:29:38.964941568,Truck,Tata,North,Hybrid,2180403,313,3.8,36-45
2025-05-09 04:22:02.203672784,Sedan,Tata,South,Diesel,1042601,285,3.5,36-45
2025-05-11 00:14:25.442404000,Electric,Mahindra,West,Petrol,2448183,366,4.1,56+
2025-05-12 20:06:48.681135216,Sedan,Honda,South,Electric,2270485,460,2.8,18-25
2025-05-14 15:59:11.919866432,Electric,Tata,Central,Petrol,1663490,181,4.1,26-35
2025-05-16 11:51:35.158597664,Hatchback,Maruti,East,Petrol,1047993,426,3.7,36-45
2025-05-18 07:43:58.397328880,Electric,Hyundai,North,Diesel,2701044,210,3.5,26-35
2025-05-20 03:36:21.636060096,Truck,Maruti,North,Hybrid,1812743,454,4.9,46-55
2025-05-21 23:28:44.874791312,SUV,Maruti,West,Petrol,3241094,402,3.8,18-25
2025-05-23 19:21:08.113522528,Electric,Hyundai,South,Electric,1739444,333,3.0,46-55
2025-05-25 15:13:31.352253744,Electric,Maruti,West,Electric,3725801,44,3.6,46-55
2025-05-27 11:05:54.590984976,SUV,Tata,East,Hybrid,2427205,474,4.8,46-55
2025-05-29 06:58:17.829716192,Truck,Honda,West,Electric,604195,491,2.9,18-25
2025-05-31 02:50:41.068447408,Sedan,Hyundai,North,Hybrid,3314139,225,3.0,18-25
2025-06-01 22:43:04.307178624,Electric,Mahindra,North,Electric,1582424,489,2.5,56+
2025-06-03 18:35:27.545909840,SUV,Maruti,Central,Diesel,1432883,74,2.5,26-35
2025-06-05 14:27:50.784641056,Hatchback,Hyundai,Central,Petrol,1838486,17,4.6,26-35
2025-06-07 10:20:14.023372288,SUV,Toyota,East,Diesel,1526630,310,4.3,56+
2025-06-09 06:12:37.262103504,Hatchback,Toyota,South,Petrol,2665251,352,3.4,56+
2025-06-11 02:05:00.500834720,Truck,Honda,West,Petrol,1977852,440,4.2,46-55
2025-06-12 21:57:23.739565936,Sedan,Tata,East,Petrol,3609389,433,3.5,56+
2025-06-14 17:49:46.978297152,SUV,Honda,Central,Diesel,3714850,341,4.9,36-45
2025-06-16 13:42:10.217028368,Electric,Honda,West,Petrol,2220023,447,4.9,26-35
2025-06-18 09:34:33.455759600,Truck,Honda,Central,Diesel,3170308,85,3.5,56+
2025-06-20 05:26:56.694490816,SUV,Honda,West,Hybrid,3914515,183,4.6,36-45
2025-06-22 01:19:19.933222032,Electric,Mahindra,South,Electric,986275,56,4.4,36-45
2025-06-23 21:11:43.171953248,SUV,Mahindra,East,Electric,798871,24,3.3,36-45
2025-06-25 17:04:06.410684464,Hatchback,Hyundai,West,Petrol,1657655,370,3.1,36-45
2025-06-27 12:56:29.649415680,SUV,Toyota,North,Diesel,3449281,156,3.6,46-55
2025-06-29 08:48:52.888146912,SUV,Honda,North,Electric,3661757,35,4.5,36-45
2025-07-01 04:41:16.126878128,SUV,Hyundai,West,Diesel,1794929,317,4.9,46-55
2025-07-03 00:33:39.365609344,Truck,Toyota,West,Diesel,3004594,102,4.4,46-55
2025-07-04 20:26:02.604340560,SUV,Maruti,West,Petrol,1743294,415,4.6,36-45
2025-07-06 16:18:25.843071776,Electric,Tata,North,Electric,2526683,241,4.0,26-35
2025-07-08 12:10:49.081802992,Hatchback,Mahindra,North,Petrol,1396816,30,4.6,36-45
2025-07-10 08:03:12.320534224,Hatchback,Maruti,West,Petrol,3714654,316,4.5,36-45
2025-07-12 03:55:35.559265440,SUV,Toyota,Central,Electric,2914802,47,3.4,36-45
2025-07-13 23:47:58.797996656,Truck,Maruti,Central,Electric,943031,285,3.9,26-35
2025-07-15 19:40:22.036727872,Truck,Tata,South,Hybrid,1590668,166,4.5,18-25
2025-07-17 15:32:45.275459088,Electric,Toyota,East,Hybrid,3970411,188,2.6,18-25
2025-07-19 11:25:08.514190304,SUV,Maruti,Central,Diesel,3580733,141,4.5,46-55
2025-07-21 07:17:31.752921536,Hatchback,Mahindra,North,Electric,2750041,320,2.9,46-55
2025-07-23 03:09:54.991652752,Truck,Mahindra,Central,Hybrid,3290373,464,3.8,26-35
2025-07-24 23:02:18.230383968,SUV,Hyundai,South,Diesel,2772158,357,4.5,56+
2025-07-26 18:54:41.469115184,Truck,Maruti,South,Diesel,3366879,37,3.1,18-25
2025-07-28 14:47:04.707846400,Truck,Honda,East,Diesel,3787058,269,3.1,46-55
2025-07-30 10:39:27.946577632,Hatchback,Maruti,Central,Hybrid,3703503,415,3.5,18-25
2025-08-01 06:31:51.185308848,Sedan,Toyota,North,Electric,2285516,85,4.7,26-35
2025-08-03 02:24:14.424040064,Electric,Toyota,North,Petrol,1816189,438,2.5,26-35
2025-08-04 22:16:37.662771280,Electric,Maruti,West,Diesel,790998,76,4.8,56+
2025-08-06 18:09:00.901502496,Hatchback,Tata,North,Hybrid,1161616,351,2.9,56+
2025-08-08 14:01:24.140233712,Truck,Mahindra,East,Hybrid,2328022,203,5.0,26-35
2025-08-10 09:53:47.378964944,SUV,Toyota,East,Petrol,2673408,481,4.9,46-55
2025-08-12 05:46:10.617696160,Truck,Mahindra,North,Petrol,3548593,171,3.7,18-25
2025-08-14 01:38:33.856427376,Hatchback,Toyota,North,Hybrid,1909854,356,3.8,36-45
2025-08-15 21:30:57.095158592,Electric,Hyundai,West,Electric,681360,448,3.7,56+
2025-08-17 17:23:20.333889808,Truck,Honda,North,Petrol,2944026,370,4.1,36-45
2025-08-19 13:15:43.572621024,Electric,Toyota,West,Hybrid,3015419,266,2.7,46-55
2025-08-21 09:08:06.811352256,SUV,Mahindra,West,Petrol,1838106,81,2.6,56+
2025-08-23 05:00:30.050083472,Electric,Hyundai,North,Electric,1791210,96,2.6,36-45
2025-08-25 00:52:53.288814688,Electric,Toyota,South,Diesel,1433688,431,3.6,46-55
2025-08-26 20:45:16.527545904,Sedan,Tata,South,Petrol,2630939,271,3.2,18-25
2025-08-28 16:37:39.766277120,Sedan,Honda,West,Electric,3143061,223,4.1,46-55
2025-08-30 12:30:03.005008336,Sedan,Toyota,North,Hybrid,3199424,162,5.0,56+
2025-09-01 08:22:26.243739568,Electric,Hyundai,South,Petrol,2001584,219,3.5,26-35
2025-09-03 04:14:49.482470784,Hatchback,Tata,North,Petrol,2369059,410,3.9,18-25
2025-09-05 00:07:12.721202000,Electric,Maruti,North,Hybrid,811955,70,3.5,36-45
2025-09-06 19:59:35.959933216,Hatchback,Hyundai,North,Diesel,2627599,277,4.6,56+
2025-09-08 15:51:59.198664432,Hatchback,Hyundai,Central,Hybrid,2725198,271,4.8,26-35
2025-09-10 11:44:22.437395648,Sedan,Tata,North,Petrol,1239290,227,4.7,46-55
2025-09-12 07:36:45.676126880,Truck,Hyundai,Central,Hybrid,2065070,292,4.9,26-35
2025-09-14 03:29:08.914858096,SUV,Tata,West,Electric,3614693,145,2.6,56+
2025-09-15 23:21:32.153589312,Sedan,Toyota,South,Hybrid,1141147,476,4.6,56+
2025-09-17 19:13:55.392320528,Sedan,Tata,South,Petrol,688490,389,4.4,26-35
2025-09-19 15:06:18.631051744,Truck,Tata,South,Hybrid,3629190,371,3.1,46-55
2025-09-21 10:58:41.869782960,SUV,Honda,South,Diesel,3004840,458,4.9,26-35
2025-09-23 06:51:05.108514192,Electric,Tata,South,Hybrid,1004409,450,2.9,56+
2025-09-25 02:43:28.347245408,Electric,Tata,South,Diesel,3884132,102,4.2,56+
2025-09-26 22:35:51.585976624,Sedan,Maruti,South,Electric,1016595,118,3.1,36-45
2025-09-28 18:28:14.824707840,SUV,Toyota,West,Diesel,1163689,250,3.6,36-45
2025-09-30 14:20:38.063439056,Sedan,Honda,North,Hybrid,2763089,364,4.3,18-25
2025-10-02 10:13:01.302170272,Hatchback,Maruti,East,Petrol,1595426,433,3.9,56+
2025-10-04 06:05:24.540901504,Sedan,Mahindra,Central,Diesel,3962092,151,3.6,36-45
2025-10-06 01:57:47.779632720,Sedan,Toyota,East,Electric,743306,300,3.3,26-35
2025-10-07 21:50:11.018363936,Electric,Toyota,East,Diesel,3739536,441,4.6,46-55
2025-10-09 17:42:34.257095152,Electric,Mahindra,North,Diesel,3258909,246,2.9,26-35
2025-10-11 13:34:57.495826368,Electric,Tata,North,Diesel,2826133,349,3.6,46-55
2025-10-13 09:27:20.734557584,Hatchback,Maruti,North,Electric,3119372,321,4.8,36-45
2025-10-15 05:19:43.973288816,Electric,Hyundai,South,Hybrid,2239461,186,4.6,18-25
2025-10-17 01:12:07.212020032,SUV,Honda,West,Diesel,2650224,150,3.5,26-35
2025-10-18 21:04:30.450751248,Truck,Hyundai,South,Diesel,2026322,198,4.4,26-35
2025-10-20 16:56:53.689482464,SUV,Mahindra,West,Petrol,1571860,495,4.6,26-35
2025-10-22 12:49:16.928213680,SUV,Toyota,West,Electric,2527410,58,4.7,46-55
2025-10-24 08:41:40.166944896,Electric,Toyota,East,Diesel,2680521,311,3.9,36-45
2025-10-26 04:34:03.405676128,Truck,Honda,East,Electric,1311554,378,3.0,26-35
2025-10-28 00:26:26.644407344,Truck,Toyota,West,Diesel,3334418,199,3.1,26-35
2025-10-29 20:18:49.883138560,Truck,Toyota,West,Hybrid,1087100,145,3.2,18-25
2025-10-31 16:11:13.121869776,Hatchback,Honda,South,Hybrid,3915871,52,4.0,18-25
2025-11-02 12:03:36.360600992,Electric,Maruti,South,Diesel,2881732,413,2.6,36-45
2025-11-04 07:55:59.599332208,Truck,Maruti,East,Hybrid,2377971,389,4.1,36-45
2025-11-06 03:48:22.838063440,Hatchback,Honda,North,Diesel,3120308,362,3.4,56+
2025-11-07 23:40:46.076794656,Sedan,Mahindra,West,Hybrid,1269097,99,3.2,18-25
2025-11-09 19:33:09.315525872,Sedan,Toyota,South,Petrol,2849316,304,4.7,56+
2025-11-11 15:25:32.554257088,Hatchback,Toyota,East,Petrol,3366757,350,3.7,46-55
2025-11-13 11:17:55.792988304,Hatchback,Mahindra,South,Petrol,1836921,254,2.7,56+
2025-11-15 07:10:19.031719520,Electric,Maruti,West,Electric,2747939,442,4.6,26-35
2025-11-17 03:02:42.270450752,Electric,Tata,West,Electric,660381,201,2.6,56+
2025-11-18 22:55:05.509181968,Sedan,Tata,Central,Petrol,2219014,327,4.3,36-45
2025-11-20 18:47:28.747913184,Truck,Tata,North,Electric,3046982,115,4.4,46-55
2025-11-22 14:39:51.986644400,Sedan,Maruti,Central,Hybrid,2077969,372,3.4,26-35
2025-11-24 10:32:15.225375616,Truck,Maruti,East,Diesel,1404098,319,4.6,56+
2025-11-26 06:24:38.464106832,Truck,Mahindra,South,Diesel,1905568,391,3.8,46-55
2025-11-28 02:17:01.702838064,Electric,Toyota,East,Diesel,568920,242,3.7,46-55
2025-11-29 22:09:24.941569280,SUV,Mahindra,West,Petrol,1330051,274,2.6,26-35
2025-12-01 18:01:48.180300496,SUV,Mahindra,Central,Electric,3247176,353,3.2,56+
2025-12-03 13:54:11.419031712,Hatchback,Maruti,Central,Hybrid,3528149,46,4.8,46-55
2025-12-05 09:46:34.657762928,Electric,Tata,Central,Hybrid,3138509,314,3.5,46-55
2025-12-07 05:38:57.896494144,Truck,Hyundai,East,Petrol,2604683,50,3.9,18-25
2025-12-09 01:31:21.135225376,SUV,Toyota,West,Hybrid,3027419,26,3.8,46-55
2025-12-10 21:23:44.373956592,Truck,Maruti,South,Hybrid,2211672,353,4.0,18-25
2025-12-12 17:16:07.612687808,SUV,Tata,South,Hybrid,2211646,286,2.7,56+
2025-12-14 13:08:30.851419024,SUV,Hyundai,East,Hybrid,3712883,316,3.4,56+
2025-12-16 09:00:54.090150240,SUV,Hyundai,Central,Electric,3528631,68,4.3,56+
2025-12-18 04:53:17.328881456,Electric,Maruti,North,Hybrid,2135288,432,3.0,36-45
2025-12-20 00:45:40.567612688,Sedan,Honda,East,Diesel,2904899,192,3.0,56+
2025-12-21 20:38:03.806343904,Truck,Toyota,East,Petrol,3537908,50,2.5,46-55
2025-12-23 16:30:27.045075120,Electric,Hyundai,West,Electric,3071165,48,3.6,26-35
2025-12-25 12:22:50.283806336,Electric,Maruti,South,Hybrid,2729655,406,4.7,18-25
2025-12-27 08:15:13.522537552,Electric,Maruti,East,Electric,2278539,201,2.6,36-45
2025-12-29 04:07:36.761268768,Electric,Tata,East,Hybrid,3289993,276,3.0,56+
2025-12-31 00:00:00.000000000,Electric,Honda,Central,Diesel,1164917,156,3.3,56+
